role_key,role_family,seniority_level,base_comp,source,employer_type,region,period
DIR.director,DIR,director,162149.76,public_record,Academic Medical Center,Midwest,2025-11-01
AA,AA,L3,123178.18,public_record,Academic Medical Center,Midwest,2025-11-01
TECH,TECH,L3,124503.12,public_record,Academic Medical Center,Midwest,2025-11-01
TECH,TECH,L2,125155.3,public_record,Academic Medical Center,Midwest,2025-11-01
INT,INT,L3,81742.5,public_record,Academic Medical Center,Midwest,2025-11-01
AA,AA,L3,104347.46,public_record,Academic Medical Center,Midwest,2025-11-01
TECH,TECH,L2,107120.0,public_record,Academic Medical Center,Midwest,2025-11-01
SEC,SEC,L1,65399.88,public_record,Academic Medical Center,Midwest,2025-11-01
CI,CI,L3,85767.19,public_record,Academic Medical Center,Midwest,2025-11-01
TECH,TECH,L3,131306.47,public_record,Academic Medical Center,Midwest,2025-11-01
AA,AA,L4,143964.13,public_record,Academic Medical Center,Midwest,2025-11-01
CI,CI,L2,72100.0,public_record,Academic Medical Center,Midwest,2025-11-01
BI,BI,L3,117413.14,public_record,Academic Medical Center,Midwest,2025-11-01
BI,BI,L4,136208.43,public_record,Academic Medical Center,Midwest,2025-11-01
AA,AA,L3,116954.15,public_record,Academic Medical Center,Midwest,2025-11-01
AA,AA,L3,112967.81,public_record,Academic Medical Center,Midwest,2025-11-01
AA,AA,L3,110456.69,public_record,Academic Medical Center,Midwest,2025-11-01
TECH,TECH,L3,115360.0,public_record,Academic Medical Center,Midwest,2025-11-01
AA,AA,L3,110521.68,public_record,Academic Medical Center,Midwest,2025-11-01
EXEC.exec_director,EXEC,exec_director,236250.21,public_record,Academic Medical Center,Midwest,2025-11-01
AA,AA,L3,112422.98,public_record,Academic Medical Center,Midwest,2025-11-01
SEC,SEC,L3,115853.87,public_record,Academic Medical Center,Midwest,2025-11-01
AA,AA,L3,100940.0,public_record,Academic Medical Center,Midwest,2025-11-01
CI,CI,L1,54589.96,public_record,Academic Medical Center,Midwest,2025-11-01
AA,AA,L2,93730.0,public_record,Academic Medical Center,Midwest,2025-11-01
CI,CI,L2,68000.0,public_record,Academic Medical Center,Midwest,2025-11-01
MGR.manager,MGR,manager,142000.0,public_record,Academic Medical Center,Midwest,2025-11-01
CI,CI,L1,54999.88,public_record,Academic Medical Center,Midwest,2025-11-01
CI,CI,L3,101846.4,public_record,Academic Medical Center,Midwest,2025-11-01
EXEC.exec_director,EXEC,exec_director,184250.7,public_record,Academic Medical Center,Midwest,2025-11-01
AA,AA,L3,106657.07,public_record,Academic Medical Center,Midwest,2025-11-01
TECH,TECH,L4,172086.1,public_record,Academic Medical Center,Midwest,2025-11-01
CI,CI,L2,68614.01,public_record,Academic Medical Center,Midwest,2025-11-01
AA,AA,L3,117908.12,public_record,Academic Medical Center,Midwest,2025-11-01
DIR.director,DIR,director,173013.83,public_record,Academic Medical Center,Midwest,2025-11-01
CI,CI,L3,96929.18,public_record,Academic Medical Center,Midwest,2025-11-01
CI,CI,L2,74000.0,public_record,Academic Medical Center,Midwest,2025-11-01
AA,AA,L2,90640.0,public_record,Academic Medical Center,Midwest,2025-11-01
AA,AA,L3,106059.65,public_record,Academic Medical Center,Midwest,2025-11-01
CI,CI,L3,92000.0,public_record,Academic Medical Center,Midwest,2025-11-01
AA,AA,L2,96210.6,public_record,Academic Medical Center,Midwest,2025-11-01
AA,AA,L3,99132.2,public_record,Academic Medical Center,Midwest,2025-11-01
AA,AA,L3,114490.39,public_record,Academic Medical Center,Midwest,2025-11-01
PM,PM,L3,128750.0,public_record,Academic Medical Center,Midwest,2025-11-01
CI,CI,L4,118464.79,public_record,Academic Medical Center,Midwest,2025-11-01
TECH,TECH,L3,131127.24,public_record,Academic Medical Center,Midwest,2025-11-01
MGR.manager,MGR,manager,135187.5,public_record,Academic Medical Center,Midwest,2025-11-01
AA,AA,L2,88500.0,public_record,Academic Medical Center,Midwest,2025-11-01
EXEC.exec_director,EXEC,exec_director,216787.12,public_record,Academic Medical Center,Midwest,2025-11-01
AA,AA,L3,95463.9,public_record,Academic Medical Center,Midwest,2025-11-01
CI,CI,L2,88211.75,public_record,Academic Medical Center,Midwest,2025-11-01
TECH,TECH,L2,111906.17,public_record,Academic Medical Center,Midwest,2025-11-01
AA,AA,L3,111858.0,public_record,Academic Medical Center,Midwest,2025-11-01
CI,CI,L2,86374.18,public_record,Academic Medical Center,Midwest,2025-11-01
AA,AA,L2,90706.95,public_record,Academic Medical Center,Midwest,2025-11-01
AA,AA,L3,108977.37,public_record,Academic Medical Center,Midwest,2025-11-01
AA,AA,L3,123070.18,public_record,Academic Medical Center,Midwest,2025-11-01
CI,CI,L3,106244.4,public_record,Academic Medical Center,Midwest,2025-11-01
TECH,TECH,L2,99395.0,public_record,Academic Medical Center,Midwest,2025-11-01
AA,AA,L3,104826.4,public_record,Academic Medical Center,Midwest,2025-11-01
PT,PT,L3,102772.32,public_record,Academic Medical Center,Midwest,2025-11-01
EXEC.exec_director,EXEC,exec_director,191696.78,public_record,Academic Medical Center,Midwest,2025-11-01
AA,AA,L3,97966.5,public_record,Academic Medical Center,Midwest,2025-11-01
AA,AA,L3,120767.71,public_record,Academic Medical Center,Midwest,2025-11-01
DIR.director,DIR,director,167044.42,public_record,Academic Medical Center,Midwest,2025-11-01
TECH,TECH,L3,118153.37,public_record,Academic Medical Center,Midwest,2025-11-01
SEC,SEC,L3,151038.51,public_record,Academic Medical Center,Midwest,2025-11-01
DIR.director,DIR,director,160674.77,public_record,Academic Medical Center,Midwest,2025-11-01
SEC,SEC,L3,132428.87,public_record,Academic Medical Center,Midwest,2025-11-01
AA,AA,L2,84614.78,public_record,Academic Medical Center,Midwest,2025-11-01
CI,CI,L3,110283.7,public_record,Academic Medical Center,Midwest,2025-11-01
TECH,TECH,L3,125637.5,public_record,Academic Medical Center,Midwest,2025-11-01
AA,AA,L2,92182.45,public_record,Academic Medical Center,Midwest,2025-11-01
TECH,TECH,L2,94234.44,public_record,Academic Medical Center,Midwest,2025-11-01
MGR.sr_manager,MGR,sr_manager,127892.77,public_record,Academic Medical Center,Midwest,2025-11-01
AA,AA,L2,84267.21,public_record,Academic Medical Center,Midwest,2025-11-01
CI,CI,L4,126690.0,public_record,Academic Medical Center,Midwest,2025-11-01
SEC,SEC,L4,146014.27,public_record,Academic Medical Center,Midwest,2025-11-01
MGR.manager,MGR,manager,121133.56,public_record,Academic Medical Center,Midwest,2025-11-01
AA,AA,L3,101629.07,public_record,Academic Medical Center,Midwest,2025-11-01
AA,AA,L2,86257.78,public_record,Academic Medical Center,Midwest,2025-11-01
MGR.manager,MGR,manager,105060.0,public_record,Academic Medical Center,Midwest,2025-11-01
CI,CI,L2,62947.87,public_record,Academic Medical Center,Midwest,2025-11-01
DIR.director,DIR,director,186718.4,public_record,Academic Medical Center,Midwest,2025-11-01
MGR.manager,MGR,manager,154500.0,public_record,Academic Medical Center,Midwest,2025-11-01
CI,CI,L3,108480.48,public_record,Academic Medical Center,Midwest,2025-11-01
CI,CI,L3,110682.73,public_record,Academic Medical Center,Midwest,2025-11-01
AA,AA,L3,119052.77,public_record,Academic Medical Center,Midwest,2025-11-01
EXEC.exec_director,EXEC,exec_director,168714.0,public_record,Academic Medical Center,Midwest,2025-11-01
TECH,TECH,L4,185400.0,public_record,Academic Medical Center,Midwest,2025-11-01
CI,CI,L2,86520.0,public_record,Academic Medical Center,Midwest,2025-11-01
CI,CI,L3,82376.42,public_record,Academic Medical Center,Midwest,2025-11-01
AA,AA,L4,139250.09,public_record,Academic Medical Center,Midwest,2025-11-01
AA,AA,L4,136160.93,public_record,Academic Medical Center,Midwest,2025-11-01
AA,AA,L3,114330.0,public_record,Academic Medical Center,Midwest,2025-11-01
AA,AA,L3,108000.0,public_record,Academic Medical Center,Midwest,2025-11-01
AA,AA,L3,97252.7,public_record,Academic Medical Center,Midwest,2025-11-01
CI,CI,L3,107910.83,public_record,Academic Medical Center,Midwest,2025-11-01
CI,CI,L3,94915.69,public_record,Academic Medical Center,Midwest,2025-11-01
EXEC.exec_director,EXEC,exec_director,235798.5,public_record,Academic Medical Center,Midwest,2025-11-01
AA,AA,L4,119175.0,public_record,Academic Medical Center,Midwest,2025-11-01
AA,AA,L3,103099.84,public_record,Academic Medical Center,Midwest,2025-11-01
MGR.sr_manager,MGR,sr_manager,162518.09,public_record,Academic Medical Center,Midwest,2025-11-01
CI,CI,L3,101999.66,public_record,Academic Medical Center,Midwest,2025-11-01
CI,CI,L1,62285.46,public_record,Academic Medical Center,Midwest,2025-11-01
AA,AA,L3,109747.8,public_record,Academic Medical Center,Midwest,2025-11-01
PT,PT,L3,102640.57,public_record,Academic Medical Center,Midwest,2025-11-01
AA,AA,L3,110681.57,public_record,Academic Medical Center,Midwest,2025-11-01
MGR.manager,MGR,manager,123789.03,public_record,Academic Medical Center,Midwest,2025-11-01
AA,AA,L3,114854.31,public_record,Academic Medical Center,Midwest,2025-11-01
AA,AA,L3,109490.73,public_record,Academic Medical Center,Midwest,2025-11-01
SEC,SEC,L3,129753.13,public_record,Academic Medical Center,Midwest,2025-11-01
AA,AA,L3,118721.79,public_record,Academic Medical Center,Midwest,2025-11-01
AA,AA,L3,101077.25,public_record,Academic Medical Center,Midwest,2025-11-01
AA,AA,L3,131199.17,public_record,Academic Medical Center,Midwest,2025-11-01
EXEC.chief,EXEC,chief,441864.85,public_record,Academic Medical Center,Midwest,2025-11-01
SEC,SEC,L3,147256.23,public_record,Academic Medical Center,Midwest,2025-11-01
CI,CI,L4,96674.5,public_record,Academic Medical Center,Midwest,2025-11-01
SEC,SEC,L2,88200.0,public_record,Academic Medical Center,Midwest,2025-11-01
SEC,SEC,L2,111024.62,public_record,Academic Medical Center,Midwest,2025-11-01
DIR.director,DIR,director,234795.3,public_record,Academic Medical Center,Midwest,2025-11-01
CI,CI,L3,96159.98,public_record,Academic Medical Center,Midwest,2025-11-01
AA,AA,L4,153752.36,public_record,Academic Medical Center,Midwest,2025-11-01
AA,AA,L3,117420.0,public_record,Academic Medical Center,Midwest,2025-11-01
CI,CI,L3,116626.9,public_record,Academic Medical Center,Midwest,2025-11-01
PM,PM,L3,135032.41,public_record,Academic Medical Center,Midwest,2025-11-01
PM,PM,L3,130000.0,public_record,Academic Medical Center,Midwest,2025-11-01
SEC,SEC,L3,110776.96,public_record,Academic Medical Center,Midwest,2025-11-01
AA,AA,L2,74160.0,public_record,Academic Medical Center,Midwest,2025-11-01
TECH,TECH,L3,142758.0,public_record,Academic Medical Center,Midwest,2025-11-01
PM,PM,L3,138164.6,public_record,Academic Medical Center,Midwest,2025-11-01
PM,PM,L3,132689.98,public_record,Academic Medical Center,Midwest,2025-11-01
CI,CI,L2,85642.48,public_record,Academic Medical Center,Midwest,2025-11-01
CI,CI,L3,91136.61,public_record,Academic Medical Center,Midwest,2025-11-01
AA,AA,L3,120199.97,public_record,Academic Medical Center,Midwest,2025-11-01
AA,AA,L2,99621.39,public_record,Academic Medical Center,Midwest,2025-11-01
AA,AA,L4,155194.55,public_record,Academic Medical Center,Midwest,2025-11-01
CI,CI,L2,71500.0,public_record,Academic Medical Center,Midwest,2025-11-01
CI,CI,L4,113549.85,public_record,Academic Medical Center,Midwest,2025-11-01
TECH,TECH,L2,85642.48,public_record,Academic Medical Center,Midwest,2025-11-01
BI,BI,L4,142280.85,public_record,Academic Medical Center,Midwest,2025-11-01
DIR.director,DIR,director,154821.65,public_record,Academic Medical Center,Midwest,2025-11-01
TECH,TECH,L3,123291.0,public_record,Academic Medical Center,Midwest,2025-11-01
TECH,TECH,L3,122659.56,public_record,Academic Medical Center,Midwest,2025-11-01
AA,AA,L3,126339.35,public_record,Academic Medical Center,Midwest,2025-11-01
TECH,TECH,L3,136767.15,public_record,Academic Medical Center,Midwest,2025-11-01
MGR.sr_manager,MGR,sr_manager,136723.12,public_record,Academic Medical Center,Midwest,2025-11-01
AA,AA,L3,103000.0,public_record,Academic Medical Center,Midwest,2025-11-01
AA,AA,L3,116483.83,public_record,Academic Medical Center,Midwest,2025-11-01
CI,CI,L4,133903.13,public_record,Academic Medical Center,Midwest,2025-11-01
SEC,SEC,L2,76525.86,public_record,Academic Medical Center,Midwest,2025-11-01
AA,AA,L3,110909.28,public_record,Academic Medical Center,Midwest,2025-11-01
AA,AA,L3,103000.0,public_record,Academic Medical Center,Midwest,2025-11-01
AA,AA,L2,89620.84,public_record,Academic Medical Center,Midwest,2025-11-01
AA,AA,L3,135376.09,public_record,Academic Medical Center,Midwest,2025-11-01
SEC,SEC,L2,92700.0,public_record,Academic Medical Center,Midwest,2025-11-01
TECH,TECH,L3,159856.41,public_record,Academic Medical Center,Midwest,2025-11-01
AA,AA,L3,104030.0,public_record,Academic Medical Center,Midwest,2025-11-01
CI,CI,L4,109927.94,public_record,Academic Medical Center,Midwest,2025-11-01
TECH,TECH,L3,124614.39,public_record,Academic Medical Center,Midwest,2025-11-01
MGR.sr_manager,MGR,sr_manager,122394.56,public_record,Academic Medical Center,Midwest,2025-11-01
AA,AA,L3,116521.86,public_record,Academic Medical Center,Midwest,2025-11-01
AA,AA,L2,72893.1,public_record,Academic Medical Center,Midwest,2025-11-01
TECH,TECH,L2,88580.0,public_record,Academic Medical Center,Midwest,2025-11-01
CI,CI,L4,139717.76,public_record,Academic Medical Center,Midwest,2025-11-01
AA,AA,L4,149546.3,public_record,Academic Medical Center,Midwest,2025-11-01
PT,PT,L3,90085.05,public_record,Academic Medical Center,Midwest,2025-11-01
CI,CI,L3,101462.11,public_record,Academic Medical Center,Midwest,2025-11-01
TECH,TECH,L2,102872.44,public_record,Academic Medical Center,Midwest,2025-11-01
BI,BI,L3,106527.75,public_record,Academic Medical Center,Midwest,2025-11-01
TECH,TECH,L3,131407.94,public_record,Academic Medical Center,Midwest,2025-11-01
PT,PT,L3,100401.6,public_record,Academic Medical Center,Midwest,2025-11-01
AA,AA,L2,101749.2,public_record,Academic Medical Center,Midwest,2025-11-01
CI,CI,L2,72793.78,public_record,Academic Medical Center,Midwest,2025-11-01
CI,CI,L2,75796.63,public_record,Academic Medical Center,Midwest,2025-11-01
CI,CI,L3,103978.87,public_record,Academic Medical Center,Midwest,2025-11-01
AA,AA,L2,93936.0,public_record,Academic Medical Center,Midwest,2025-11-01
AA,AA,L3,106861.86,public_record,Academic Medical Center,Midwest,2025-11-01
AA,AA,L3,116260.85,public_record,Academic Medical Center,Midwest,2025-11-01
TECH,TECH,L2,95800.0,public_record,Academic Medical Center,Midwest,2025-11-01
CI,CI,L4,115242.2,public_record,Academic Medical Center,Midwest,2025-11-01
AA,AA,L2,81168.63,public_record,Academic Medical Center,Midwest,2025-11-01
PT,PT,L2,77380.52,public_record,Academic Medical Center,Midwest,2025-11-01
BI,BI,L4,121057.98,public_record,Academic Medical Center,Midwest,2025-11-01
CI,CI,L4,130000.0,public_record,Academic Medical Center,Midwest,2025-11-01
CI,CI,L3,96967.74,public_record,Academic Medical Center,Midwest,2025-11-01
CI,CI,L2,90711.87,public_record,Academic Medical Center,Midwest,2025-11-01
CI,CI,L4,133120.0,public_record,Academic Medical Center,Midwest,2025-11-01
AA,AA,L3,97125.0,public_record,Academic Medical Center,Midwest,2025-11-01
AA,AA,L4,168872.56,public_record,Academic Medical Center,Midwest,2025-11-01
CI,CI,L3,108742.25,public_record,Academic Medical Center,Midwest,2025-11-01
AA,AA,L3,121396.56,public_record,Academic Medical Center,Midwest,2025-11-01
AA,AA,L3,117748.92,public_record,Academic Medical Center,Midwest,2025-11-01
CI,CI,L1,55042.1,public_record,Academic Medical Center,Midwest,2025-11-01
AA,AA,L3,92258.15,public_record,Academic Medical Center,Midwest,2025-11-01
AA,AA,L3,104687.29,public_record,Academic Medical Center,Midwest,2025-11-01
CI,CI,L3,105697.16,public_record,Academic Medical Center,Midwest,2025-11-01
CI,CI,L3,99910.0,public_record,Academic Medical Center,Midwest,2025-11-01
TECH,TECH,L3,133850.12,public_record,Academic Medical Center,Midwest,2025-11-01
EXEC.exec_director,EXEC,exec_director,215000.0,public_record,Academic Medical Center,Midwest,2025-11-01
CI,CI,L3,120489.57,public_record,Academic Medical Center,Midwest,2025-11-01
CI,CI,L4,126102.9,public_record,Academic Medical Center,Midwest,2025-11-01
EXEC.chief,EXEC,chief,284903.63,public_record,Academic Medical Center,Midwest,2025-11-01
TECH,TECH,L2,105054.78,public_record,Academic Medical Center,Midwest,2025-11-01
AA,AA,L2,83424.55,public_record,Academic Medical Center,Midwest,2025-11-01
CI,CI,L2,70847.53,public_record,Academic Medical Center,Midwest,2025-11-01
EXEC.exec_director,EXEC,exec_director,214032.83,public_record,Academic Medical Center,Midwest,2025-11-01
CI,CI,L3,78506.6,public_record,Academic Medical Center,Midwest,2025-11-01
TECH,TECH,L3,133365.49,public_record,Academic Medical Center,Midwest,2025-11-01
CI,CI,L2,79310.0,public_record,Academic Medical Center,Midwest,2025-11-01
SEC,SEC,L3,129026.89,public_record,Academic Medical Center,Midwest,2025-11-01
SEC,SEC,L3,123096.5,public_record,Academic Medical Center,Midwest,2025-11-01
AA,AA,L2,83813.22,public_record,Academic Medical Center,Midwest,2025-11-01
AA,AA,L2,75705.0,public_record,Academic Medical Center,Midwest,2025-11-01
TECH,TECH,L4,143580.68,public_record,Academic Medical Center,Midwest,2025-11-01
AA,AA,L3,122315.03,public_record,Academic Medical Center,Midwest,2025-11-01
AA,AA,L3,129735.76,public_record,Academic Medical Center,Midwest,2025-11-01
AA,AA,L3,120125.71,public_record,Academic Medical Center,Midwest,2025-11-01
TECH,TECH,L3,122754.23,public_record,Academic Medical Center,Midwest,2025-11-01
AA,AA,L3,98203.37,public_record,Academic Medical Center,Midwest,2025-11-01
CI,CI,L3,103000.0,public_record,Academic Medical Center,Midwest,2025-11-01
CI,CI,L3,75000.0,public_record,Academic Medical Center,Midwest,2025-11-01
CI,CI,L4,108150.0,public_record,Academic Medical Center,Midwest,2025-11-01
PT,PT,L3,90242.4,public_record,Academic Medical Center,Midwest,2025-11-01
AA,AA,L2,93428.16,public_record,Academic Medical Center,Midwest,2025-11-01
CI,CI,L3,101887.5,public_record,Academic Medical Center,Midwest,2025-11-01
PT,PT,L3,105461.91,public_record,Academic Medical Center,Midwest,2025-11-01
MGR.manager,MGR,manager,127897.92,public_record,Academic Medical Center,Midwest,2025-11-01
AA,AA,L4,139664.95,public_record,Academic Medical Center,Midwest,2025-11-01
EXEC.exec_director,EXEC,exec_director,231427.25,public_record,Academic Medical Center,Midwest,2025-11-01
CI,CI,L4,93785.58,public_record,Academic Medical Center,Midwest,2025-11-01
MGR.manager,MGR,manager,117761.7,public_record,Academic Medical Center,Midwest,2025-11-01
CI,CI,L4,124800.0,public_record,Academic Medical Center,Midwest,2025-11-01
AA,AA,L2,66700.0,public_record,Academic Medical Center,Midwest,2025-11-01
AA,AA,L3,109627.49,public_record,Academic Medical Center,Midwest,2025-11-01
AA,AA,L2,88257.87,public_record,Academic Medical Center,Midwest,2025-11-01
AA,AA,L3,132915.8,public_record,Academic Medical Center,Midwest,2025-11-01
AA,AA,L3,112785.0,public_record,Academic Medical Center,Midwest,2025-11-01
AA,AA,L3,105411.02,public_record,Academic Medical Center,Midwest,2025-11-01
PM,PM,L3,140573.98,public_record,Academic Medical Center,Midwest,2025-11-01
TECH,TECH,L3,143729.54,public_record,Academic Medical Center,Midwest,2025-11-01
CI,CI,L4,98000.0,public_record,Academic Medical Center,Midwest,2025-11-01
CI,CI,L4,142224.39,public_record,Academic Medical Center,Midwest,2025-11-01
AA,AA,L3,132254.9,public_record,Academic Medical Center,Midwest,2025-11-01
AA,AA,L3,116053.24,public_record,Academic Medical Center,Midwest,2025-11-01
AA,AA,L2,65405.0,public_record,Academic Medical Center,Midwest,2025-11-01
AA,AA,L3,110902.23,public_record,Academic Medical Center,Midwest,2025-11-01
CI,CI,L4,133900.0,public_record,Academic Medical Center,Midwest,2025-11-01
AA,AA,L4,143137.12,public_record,Academic Medical Center,Midwest,2025-11-01
CI,CI,L4,127986.98,public_record,Academic Medical Center,Midwest,2025-11-01
AA,AA,L3,115593.76,public_record,Academic Medical Center,Midwest,2025-11-01
TECH,TECH,L3,127405.63,public_record,Academic Medical Center,Midwest,2025-11-01
AA,AA,L1,71028.59,public_record,Academic Medical Center,Midwest,2025-11-01
CI,CI,L2,61800.0,public_record,Academic Medical Center,Midwest,2025-11-01
AA,AA,L3,102340.49,public_record,Academic Medical Center,Midwest,2025-11-01
TECH,TECH,L3,140098.38,public_record,Academic Medical Center,Midwest,2025-11-01
TECH,TECH,L4,150382.58,public_record,Academic Medical Center,Midwest,2025-11-01
PT,PT,L2,72873.96,public_record,Academic Medical Center,Midwest,2025-11-01
PM,PM,L3,131127.24,public_record,Academic Medical Center,Midwest,2025-11-01
PT,PT,L3,95067.4,public_record,Academic Medical Center,Midwest,2025-11-01
CI,CI,L3,79953.75,public_record,Academic Medical Center,Midwest,2025-11-01
AA,AA,L3,115030.07,public_record,Academic Medical Center,Midwest,2025-11-01
PM,PM,L3,125113.2,public_record,Academic Medical Center,Midwest,2025-11-01
CI,CI,L4,132159.3,public_record,Academic Medical Center,Midwest,2025-11-01
AA,AA,L2,88892.81,public_record,Academic Medical Center,Midwest,2025-11-01
AA,AA,L2,86006.0,public_record,Academic Medical Center,Midwest,2025-11-01
DIR.director,DIR,director,164363.82,public_record,Academic Medical Center,Midwest,2025-11-01
AA,AA,L4,136088.36,public_record,Academic Medical Center,Midwest,2025-11-01
AA,AA,L3,114577.2,public_record,Academic Medical Center,Midwest,2025-11-01
AA,AA,L3,116964.61,public_record,Academic Medical Center,Midwest,2025-11-01
AA,AA,L3,120323.19,public_record,Academic Medical Center,Midwest,2025-11-01
PT,PT,L3,92182.45,public_record,Academic Medical Center,Midwest,2025-11-01
AA,AA,L4,138089.05,public_record,Academic Medical Center,Midwest,2025-11-01
DIR.director,DIR,director,203638.05,public_record,Academic Medical Center,Midwest,2025-11-01
CI,CI,L4,142072.24,public_record,Academic Medical Center,Midwest,2025-11-01
MGR.manager,MGR,manager,91122.85,public_record,Academic Medical Center,Midwest,2025-11-01
CI,CI,L2,70797.78,public_record,Academic Medical Center,Midwest,2025-11-01
MGR.manager,MGR,manager,112535.48,public_record,Academic Medical Center,Midwest,2025-11-01
AA,AA,L2,91990.0,public_record,Academic Medical Center,Midwest,2025-11-01
MGR.manager,MGR,manager,156259.96,public_record,Academic Medical Center,Midwest,2025-11-01
AA,AA,L3,105793.87,public_record,Academic Medical Center,Midwest,2025-11-01
DIR.director,DIR,director,180600.0,public_record,Academic Medical Center,Midwest,2025-11-01
CI,CI,L4,119575.63,public_record,Academic Medical Center,Midwest,2025-11-01
AA,AA,L3,118900.44,public_record,Academic Medical Center,Midwest,2025-11-01
AA,AA,L3,100731.31,public_record,Academic Medical Center,Midwest,2025-11-01
TECH,TECH,L3,134830.29,public_record,Academic Medical Center,Midwest,2025-11-01
AA,AA,L3,114577.2,public_record,Academic Medical Center,Midwest,2025-11-01
DIR.director,DIR,director,182376.73,public_record,Academic Medical Center,Midwest,2025-11-01
CI,CI,L4,151370.3,public_record,Academic Medical Center,Midwest,2025-11-01
AA,AA,L3,102270.0,public_record,Academic Medical Center,Midwest,2025-11-01
CI,CI,L2,82915.0,public_record,Academic Medical Center,Midwest,2025-11-01
MGR.manager,MGR,manager,167393.63,public_record,Academic Medical Center,Midwest,2025-11-01
AA,AA,L4,135815.25,public_record,Academic Medical Center,Midwest,2025-11-01
AA,AA,L3,132747.62,public_record,Academic Medical Center,Midwest,2025-11-01
CI,CI,L3,105538.95,public_record,Academic Medical Center,Midwest,2025-11-01
AA,AA,L3,92818.42,public_record,Academic Medical Center,Midwest,2025-11-01
EXEC.exec_director,EXEC,exec_director,212587.62,public_record,Academic Medical Center,Midwest,2025-11-01
CI,CI,L4,125186.2,public_record,Academic Medical Center,Midwest,2025-11-01
MGR.sr_manager,MGR,sr_manager,121612.33,public_record,Academic Medical Center,Midwest,2025-11-01
CI,CI,L3,97541.88,public_record,Academic Medical Center,Midwest,2025-11-01
CI,CI,L4,144818.94,public_record,Academic Medical Center,Midwest,2025-11-01
TECH,TECH,L2,105054.78,public_record,Academic Medical Center,Midwest,2025-11-01
CI,CI,L3,88580.0,public_record,Academic Medical Center,Midwest,2025-11-01
AA,AA,L3,114692.41,public_record,Academic Medical Center,Midwest,2025-11-01
BI,BI,L3,128137.04,public_record,Academic Medical Center,Midwest,2025-11-01
TECH,TECH,L3,147120.53,public_record,Academic Medical Center,Midwest,2025-11-01
TECH,TECH,L3,147894.43,public_record,Academic Medical Center,Midwest,2025-11-01
AA,AA,L3,103953.78,public_record,Academic Medical Center,Midwest,2025-11-01
SEC,SEC,L2,99326.8,public_record,Academic Medical Center,Midwest,2025-11-01
AA,AA,L3,118690.19,public_record,Academic Medical Center,Midwest,2025-11-01
TECH,TECH,L2,111906.17,public_record,Academic Medical Center,Midwest,2025-11-01
AA,AA,L4,129358.46,public_record,Academic Medical Center,Midwest,2025-11-01
EXEC.exec_director,EXEC,exec_director,209550.09,public_record,Academic Medical Center,Midwest,2025-11-01
DIR.director,DIR,director,179156.25,public_record,Academic Medical Center,Midwest,2025-11-01
AA,AA,L2,95383.83,public_record,Academic Medical Center,Midwest,2025-11-01
AA,AA,L3,96618.02,public_record,Academic Medical Center,Midwest,2025-11-01
CI,CI,L3,88920.0,public_record,Academic Medical Center,Midwest,2025-11-01
DIR.director,DIR,director,182219.61,public_record,Academic Medical Center,Midwest,2025-11-01
MGR.manager,MGR,manager,133900.0,public_record,Academic Medical Center,Midwest,2025-11-01
CI,CI,L4,143052.0,public_record,Academic Medical Center,Midwest,2025-11-01
CI,CI,L3,91795.43,public_record,Academic Medical Center,Midwest,2025-11-01
AA,AA,L3,109376.26,public_record,Academic Medical Center,Midwest,2025-11-01
AA,AA,L3,101764.0,public_record,Academic Medical Center,Midwest,2025-11-01
CI,CI,L4,128026.8,public_record,Academic Medical Center,Midwest,2025-11-01
CI,CI,L4,108338.52,public_record,Academic Medical Center,Midwest,2025-11-01
BI,BI,L3,120535.33,public_record,Academic Medical Center,Midwest,2025-11-01
AA,AA,L3,104347.46,public_record,Academic Medical Center,Midwest,2025-11-01
CI,CI,L2,67913.51,public_record,Academic Medical Center,Midwest,2025-11-01
SEC,SEC,L2,103319.08,public_record,Academic Medical Center,Midwest,2025-11-01
TECH,TECH,L2,98203.37,public_record,Academic Medical Center,Midwest,2025-11-01
CI,CI,L2,73520.46,public_record,Academic Medical Center,Midwest,2025-11-01
CI,CI,L3,105914.84,public_record,Academic Medical Center,Midwest,2025-11-01
AA,AA,L4,179811.95,public_record,Academic Medical Center,Midwest,2025-11-01
MGR.manager,MGR,manager,131127.24,public_record,Academic Medical Center,Midwest,2025-11-01
AA,AA,L2,80709.47,public_record,Academic Medical Center,Midwest,2025-11-01
AA,AA,L3,127504.2,public_record,Academic Medical Center,Midwest,2025-11-01
CI,CI,L4,102463.21,public_record,Academic Medical Center,Midwest,2025-11-01
MGR.sr_manager,MGR,sr_manager,125663.61,public_record,Academic Medical Center,Midwest,2025-11-01
CI,CI,L4,111394.5,public_record,Academic Medical Center,Midwest,2025-11-01
DIR.director,DIR,director,186251.6,public_record,Academic Medical Center,Midwest,2025-11-01
CI,CI,L3,124409.31,public_record,Academic Medical Center,Midwest,2025-11-01
TECH,TECH,L3,116074.13,public_record,Academic Medical Center,Midwest,2025-11-01
CI,CI,L2,95481.0,public_record,Academic Medical Center,Midwest,2025-11-01
PM,PM,L2,101623.61,public_record,Academic Medical Center,Midwest,2025-11-01
AA,AA,L3,100000.0,public_record,Academic Medical Center,Midwest,2025-11-01
TECH,TECH,L2,108588.81,public_record,Academic Medical Center,Midwest,2025-11-01
CI,CI,L4,148230.4,public_record,Academic Medical Center,Midwest,2025-11-01
CI,CI,L1,54999.88,public_record,Academic Medical Center,Midwest,2025-11-01
AA,AA,L3,115487.63,public_record,Academic Medical Center,Midwest,2025-11-01
AA,AA,L3,114140.38,public_record,Academic Medical Center,Midwest,2025-11-01
CI,CI,L3,91454.73,public_record,Academic Medical Center,Midwest,2025-11-01
AA,AA,L2,87000.0,public_record,Academic Medical Center,Midwest,2025-11-01
TECH,TECH,L4,154515.04,public_record,Academic Medical Center,Midwest,2025-11-01
AA,AA,L3,102181.5,public_record,Academic Medical Center,Midwest,2025-11-01
AA,AA,L3,127160.34,public_record,Academic Medical Center,Midwest,2025-11-01
TECH,TECH,L3,142144.9,public_record,Academic Medical Center,Midwest,2025-11-01
AA,AA,L4,134930.0,public_record,Academic Medical Center,Midwest,2025-11-01
MGR.manager,MGR,manager,128750.0,public_record,Academic Medical Center,Midwest,2025-11-01
SEC,SEC,L3,122909.63,public_record,Academic Medical Center,Midwest,2025-11-01
AA,AA,L3,90844.87,public_record,Academic Medical Center,Midwest,2025-11-01
CI,CI,L4,146970.0,public_record,Academic Medical Center,Midwest,2025-11-01
SEC,SEC,L3,117228.74,public_record,Academic Medical Center,Midwest,2025-11-01
CI,CI,L2,90176.5,public_record,Academic Medical Center,Midwest,2025-11-01
MGR.sr_manager,MGR,sr_manager,176749.31,public_record,Academic Medical Center,Midwest,2025-11-01
CI,CI,L4,124355.0,public_record,Academic Medical Center,Midwest,2025-11-01
AA,AA,L4,134743.82,public_record,Academic Medical Center,Midwest,2025-11-01
DIR.director,DIR,director,164317.32,public_record,Academic Medical Center,Midwest,2025-11-01
CI,CI,L1,60703.03,public_record,Academic Medical Center,Midwest,2025-11-01
DIR.director,DIR,director,149021.09,public_record,Academic Medical Center,Midwest,2025-11-01
SEC,SEC,L2,96959.62,public_record,Academic Medical Center,Midwest,2025-11-01
CI,CI,L4,128372.14,public_record,Academic Medical Center,Midwest,2025-11-01
AA,AA,L3,106861.86,public_record,Academic Medical Center,Midwest,2025-11-01
MGR.manager,MGR,manager,170643.99,public_record,Academic Medical Center,Midwest,2025-11-01
SEC,SEC,L3,118991.07,public_record,Academic Medical Center,Midwest,2025-11-01
CI,CI,L2,78791.08,public_record,Academic Medical Center,Midwest,2025-11-01
TECH,TECH,L3,124834.02,public_record,Academic Medical Center,Midwest,2025-11-01
AA,AA,L3,114726.45,public_record,Academic Medical Center,Midwest,2025-11-01
CI,CI,L3,108211.8,public_record,Academic Medical Center,Midwest,2025-11-01
PM,PM,L3,120009.01,public_record,Academic Medical Center,Midwest,2025-11-01
TECH,TECH,L4,157688.0,public_record,Academic Medical Center,Midwest,2025-11-01
TECH,TECH,L2,99910.0,public_record,Academic Medical Center,Midwest,2025-11-01
DIR.director,DIR,director,173451.65,public_record,Academic Medical Center,Midwest,2025-11-01
TECH,TECH,L4,168205.7,public_record,Academic Medical Center,Midwest,2025-11-01
AA,AA,L2,79131.56,public_record,Academic Medical Center,Midwest,2025-11-01
AA,AA,L4,143284.36,public_record,Academic Medical Center,Midwest,2025-11-01
AA,AA,L3,118524.99,public_record,Academic Medical Center,Midwest,2025-11-01
CI,CI,L4,122000.0,public_record,Academic Medical Center,Midwest,2025-11-01
SEC,SEC,L3,138337.01,public_record,Academic Medical Center,Midwest,2025-11-01
CI,CI,L3,98320.08,public_record,Academic Medical Center,Midwest,2025-11-01
EXEC.exec_director,EXEC,exec_director,228750.51,public_record,Academic Medical Center,Midwest,2025-11-01
MGR.manager,MGR,manager,154500.0,public_record,Academic Medical Center,Midwest,2025-11-01
CI,CI,L3,104223.1,public_record,Academic Medical Center,Midwest,2025-11-01
AA,AA,L3,99170.77,public_record,Academic Medical Center,Midwest,2025-11-01
SEC,SEC,L2,94719.93,public_record,Academic Medical Center,Midwest,2025-11-01
AA,AA,L3,100425.0,public_record,Academic Medical Center,Midwest,2025-11-01
AA,AA,L2,88065.0,public_record,Academic Medical Center,Midwest,2025-11-01
CI,CI,L4,102796.2,public_record,Academic Medical Center,Midwest,2025-11-01
CI,CI,L3,97061.47,public_record,Academic Medical Center,Midwest,2025-11-01
CI,CI,L1,70845.45,public_record,Academic Medical Center,Midwest,2025-11-01
BI,BI,L3,103867.56,public_record,Academic Medical Center,Midwest,2025-11-01
TECH,TECH,L1,100486.33,public_record,Academic Medical Center,Midwest,2025-11-01
AA,AA,L3,113649.95,public_record,Academic Medical Center,Midwest,2025-11-01
AA,AA,L4,144694.22,public_record,Academic Medical Center,Midwest,2025-11-01
EXEC.exec_director,EXEC,exec_director,269451.0,public_record,Academic Medical Center,Midwest,2025-11-01
MGR.manager,MGR,manager,161273.17,public_record,Academic Medical Center,Midwest,2025-11-01
SEC,SEC,L4,169902.0,public_record,Academic Medical Center,Midwest,2025-11-01
CI,CI,L4,137862.0,public_record,Academic Medical Center,Midwest,2025-11-01
AA,AA,L3,122152.11,public_record,Academic Medical Center,Midwest,2025-11-01
MGR.sr_manager,MGR,sr_manager,126896.58,public_record,Academic Medical Center,Midwest,2025-11-01
CI,CI,L1,52136.09,public_record,Academic Medical Center,Midwest,2025-11-01
AA,AA,L2,83813.23,public_record,Academic Medical Center,Midwest,2025-11-01
TECH,TECH,L3,129519.7,public_record,Academic Medical Center,Midwest,2025-11-01
AA,AA,L3,131840.0,public_record,Academic Medical Center,Midwest,2025-11-01
AA,AA,L3,132915.8,public_record,Academic Medical Center,Midwest,2025-11-01
TECH,TECH,L3,115902.82,public_record,Academic Medical Center,Midwest,2025-11-01
PM,PM,L3,143276.05,public_record,Academic Medical Center,Midwest,2025-11-01
CI,CI,L3,101444.51,public_record,Academic Medical Center,Midwest,2025-11-01
CI,CI,L2,87355.33,public_record,Academic Medical Center,Midwest,2025-11-01
BI,BI,L3,115506.37,public_record,Academic Medical Center,Midwest,2025-11-01
CI,CI,L4,132121.62,public_record,Academic Medical Center,Midwest,2025-11-01
AA,AA,L3,103253.8,public_record,Academic Medical Center,Midwest,2025-11-01
AA,AA,L3,140683.35,public_record,Academic Medical Center,Midwest,2025-11-01
AA,AA,L3,129121.62,public_record,Academic Medical Center,Midwest,2025-11-01
AA,AA,L3,100000.0,public_record,Academic Medical Center,Midwest,2025-11-01
SEC,SEC,L1,73999.9,public_record,Academic Medical Center,Midwest,2025-11-01
MGR.manager,MGR,manager,153300.05,public_record,Academic Medical Center,Midwest,2025-11-01
TECH,TECH,L3,125258.83,public_record,Academic Medical Center,Midwest,2025-11-01
TECH,TECH,L2,105000.0,public_record,Academic Medical Center,Midwest,2025-11-01
PM,PM,L3,144252.81,public_record,Academic Medical Center,Midwest,2025-11-01
CI,CI,L3,85280.0,public_record,Academic Medical Center,Midwest,2025-11-01
CI,CI,L3,96000.0,public_record,Academic Medical Center,Midwest,2025-11-01
TECH,TECH,L2,96000.0,public_record,Academic Medical Center,Midwest,2025-11-01
PM,PM,L3,126000.0,public_record,Academic Medical Center,Midwest,2025-11-01
MGR.manager,MGR,manager,135000.0,public_record,Academic Medical Center,Midwest,2025-11-01
PM,PM,L3,142737.46,public_record,Academic Medical Center,Midwest,2025-11-01
TECH,TECH,L3,129733.4,public_record,Academic Medical Center,Midwest,2025-11-01
AA,AA,L2,64890.0,public_record,Academic Medical Center,Midwest,2025-11-01
AA,AA,L3,92329.2,public_record,Academic Medical Center,Midwest,2025-11-01
MGR.sr_manager,MGR,sr_manager,114954.18,public_record,Academic Medical Center,Midwest,2025-11-01
TECH,TECH,L2,98957.25,public_record,Academic Medical Center,Midwest,2025-11-01
SEC,SEC,L2,95283.52,public_record,Academic Medical Center,Midwest,2025-11-01
CI,CI,L3,96820.0,public_record,Academic Medical Center,Midwest,2025-11-01
AA,AA,L3,121529.19,public_record,Academic Medical Center,Midwest,2025-11-01
AA,AA,L3,86500.0,public_record,Academic Medical Center,Midwest,2025-11-01
DIR.director,DIR,director,187251.1,public_record,Academic Medical Center,Midwest,2025-11-01
CI,CI,L3,97602.8,public_record,Academic Medical Center,Midwest,2025-11-01
CI,CI,L3,112930.08,public_record,Academic Medical Center,Midwest,2025-11-01
AA,AA,L2,108281.26,public_record,Academic Medical Center,Midwest,2025-11-01
PM,PM,L3,120000.0,public_record,Academic Medical Center,Midwest,2025-11-01
AA,AA,L3,94500.0,public_record,Academic Medical Center,Midwest,2025-11-01
MGR.manager,MGR,manager,140595.0,public_record,Academic Medical Center,Midwest,2025-11-01
CI,CI,L3,93572.14,public_record,Academic Medical Center,Midwest,2025-11-01
AA,AA,L3,120021.12,public_record,Academic Medical Center,Midwest,2025-11-01
AA,AA,L3,114427.26,public_record,Academic Medical Center,Midwest,2025-11-01
AA,AA,L4,132300.0,public_record,Academic Medical Center,Midwest,2025-11-01
TECH,TECH,L3,126756.53,public_record,Academic Medical Center,Midwest,2025-11-01
AA,AA,L2,88302.2,public_record,Academic Medical Center,Midwest,2025-11-01
AA,AA,L3,105930.6,public_record,Academic Medical Center,Midwest,2025-11-01
AA,AA,L3,111884.64,public_record,Academic Medical Center,Midwest,2025-11-01
CI,CI,L3,109491.14,public_record,Academic Medical Center,Midwest,2025-11-01
AA,AA,L3,100000.0,public_record,Academic Medical Center,Midwest,2025-11-01
TECH,TECH,L3,123414.29,public_record,Academic Medical Center,Midwest,2025-11-01
BI,BI,L3,119899.47,public_record,Academic Medical Center,Midwest,2025-11-01
AA,AA,L3,132135.1,public_record,Academic Medical Center,Midwest,2025-11-01
SEC,SEC,L2,79310.0,public_record,Academic Medical Center,Midwest,2025-11-01
AA,AA,L4,111240.0,public_record,Academic Medical Center,Midwest,2025-11-01
AA,AA,L3,99893.39,public_record,Academic Medical Center,Midwest,2025-11-01
CI,CI,L2,92000.0,public_record,Academic Medical Center,Midwest,2025-11-01
TECH,TECH,L3,124151.79,public_record,Academic Medical Center,Midwest,2025-11-01
MGR.sr_manager,MGR,sr_manager,137360.56,public_record,Academic Medical Center,Midwest,2025-11-01
AA,AA,L3,113300.0,public_record,Academic Medical Center,Midwest,2025-11-01
AA,AA,L3,114490.39,public_record,Academic Medical Center,Midwest,2025-11-01
AA,AA,L3,106800.83,public_record,Academic Medical Center,Midwest,2025-11-01
AA,AA,L3,122719.12,public_record,Academic Medical Center,Midwest,2025-11-01
SEC,SEC,L2,95646.08,public_record,Academic Medical Center,Midwest,2025-11-01
AA,AA,L3,109809.08,public_record,Academic Medical Center,Midwest,2025-11-01
PT,PT,L2,76023.98,public_record,Academic Medical Center,Midwest,2025-11-01
CI,CI,L4,94185.0,public_record,Academic Medical Center,Midwest,2025-11-01
MGR.manager,MGR,manager,142028.02,public_record,Academic Medical Center,Midwest,2025-11-01
AA,AA,L3,99374.21,public_record,Academic Medical Center,Midwest,2025-11-01
DIR.director,DIR,director,182048.7,public_record,Academic Medical Center,Midwest,2025-11-01
AA,AA,L2,87979.5,public_record,Academic Medical Center,Midwest,2025-11-01
DIR.director,DIR,director,171182.31,public_record,Academic Medical Center,Midwest,2025-11-01
TECH,TECH,L4,140083.02,public_record,Academic Medical Center,Midwest,2025-11-01
AA,AA,L4,129396.44,public_record,Academic Medical Center,Midwest,2025-11-01
EXEC.exec_director,EXEC,exec_director,247067.49,public_record,Academic Medical Center,Midwest,2025-11-01
AA,AA,L3,118450.0,public_record,Academic Medical Center,Midwest,2025-11-01
AA,AA,L3,108041.85,public_record,Academic Medical Center,Midwest,2025-11-01
AA,AA,L1,56654.7,public_record,Academic Medical Center,Midwest,2025-11-01
AA,AA,L4,122705.72,public_record,Academic Medical Center,Midwest,2025-11-01
CI,CI,L2,93635.78,public_record,Academic Medical Center,Midwest,2025-11-01
AA,AA,L3,110522.01,public_record,Academic Medical Center,Midwest,2025-11-01
DIR.director,DIR,director,232345.17,public_record,Academic Medical Center,Midwest,2025-11-01
CI,CI,L4,145907.15,public_record,Academic Medical Center,Midwest,2025-11-01
AA,AA,L3,100000.0,public_record,Academic Medical Center,Midwest,2025-11-01
AA,AA,L3,114355.16,public_record,Academic Medical Center,Midwest,2025-11-01
AA,AA,L3,122152.11,public_record,Academic Medical Center,Midwest,2025-11-01
AA,AA,L3,116206.06,public_record,Academic Medical Center,Midwest,2025-11-01
CI,CI,L1,51000.04,public_record,Academic Medical Center,Midwest,2025-11-01
PT,PT,L3,83377.82,public_record,Academic Medical Center,Midwest,2025-11-01
AA,AA,L4,116285.25,public_record,Academic Medical Center,Midwest,2025-11-01
AA,AA,L4,128974.22,public_record,Academic Medical Center,Midwest,2025-11-01
TECH,TECH,L3,133462.16,public_record,Academic Medical Center,Midwest,2025-11-01
AA,AA,L3,126933.31,public_record,Academic Medical Center,Midwest,2025-11-01
AA,AA,L4,130981.48,public_record,Academic Medical Center,Midwest,2025-11-01
AA,AA,L3,107664.39,public_record,Academic Medical Center,Midwest,2025-11-01
TECH,TECH,L3,138129.18,public_record,Academic Medical Center,Midwest,2025-11-01
AA,AA,L3,108150.0,public_record,Academic Medical Center,Midwest,2025-11-01
MGR.manager,MGR,manager,152295.13,public_record,Academic Medical Center,Midwest,2025-11-01
CI,CI,L4,101086.87,public_record,Academic Medical Center,Midwest,2025-11-01
CI,CI,L4,140582.15,public_record,Academic Medical Center,Midwest,2025-11-01
AA,AA,L4,143303.29,public_record,Academic Medical Center,Midwest,2025-11-01
CI,CI,L4,141766.17,public_record,Academic Medical Center,Midwest,2025-11-01
AA,AA,L4,150966.63,public_record,Academic Medical Center,Midwest,2025-11-01
CI,CI,L4,118190.74,public_record,Academic Medical Center,Midwest,2025-11-01
AA,AA,L3,98650.97,public_record,Academic Medical Center,Midwest,2025-11-01
CI,CI,L4,125482.0,public_record,Academic Medical Center,Midwest,2025-11-01
AA,AA,L2,72893.1,public_record,Academic Medical Center,Midwest,2025-11-01
AA,AA,L2,78023.93,public_record,Academic Medical Center,Midwest,2025-11-01
CI,CI,L2,88054.7,public_record,Academic Medical Center,Midwest,2025-11-01
CI,CI,L3,110764.27,public_record,Academic Medical Center,Midwest,2025-11-01
MGR.manager,MGR,manager,154500.0,public_record,Academic Medical Center,Midwest,2025-11-01
CI,CI,L3,85432.53,public_record,Academic Medical Center,Midwest,2025-11-01
DIR.director,DIR,director,182700.0,public_record,Academic Medical Center,Midwest,2025-11-01
AA,AA,L4,130176.57,public_record,Academic Medical Center,Midwest,2025-11-01
PM,PM,L3,122000.0,public_record,Academic Medical Center,Midwest,2025-11-01
AA,AA,L3,104998.7,public_record,Academic Medical Center,Midwest,2025-11-01
TECH,TECH,L3,126175.0,public_record,Academic Medical Center,Midwest,2025-11-01
EXEC.exec_director,EXEC,exec_director,320943.54,public_record,Academic Medical Center,Midwest,2025-11-01
TECH,TECH,L3,123140.17,public_record,Academic Medical Center,Midwest,2025-11-01
PM,PM,L3,131158.91,public_record,Academic Medical Center,Midwest,2025-11-01
AA,AA,L3,98203.37,public_record,Academic Medical Center,Midwest,2025-11-01
TECH,TECH,L3,120391.95,public_record,Academic Medical Center,Midwest,2025-11-01
AA,AA,L3,104245.79,public_record,Academic Medical Center,Midwest,2025-11-01
PT,PT,L2,72565.56,public_record,Academic Medical Center,Midwest,2025-11-01
AA,AA,L2,76193.84,public_record,Academic Medical Center,Midwest,2025-11-01
DIR.director,DIR,director,164701.08,public_record,Academic Medical Center,Midwest,2025-11-01
SEC,SEC,L3,124393.56,public_record,Academic Medical Center,Midwest,2025-11-01
PM,PM,L3,138946.36,public_record,Academic Medical Center,Midwest,2025-11-01
AA,AA,L3,108984.02,public_record,Academic Medical Center,Midwest,2025-11-01
AA,AA,L3,125189.79,public_record,Academic Medical Center,Midwest,2025-11-01
MGR.manager,MGR,manager,143698.91,public_record,Academic Medical Center,Midwest,2025-11-01
AA,AA,L3,113978.4,public_record,Academic Medical Center,Midwest,2025-11-01
AA,AA,L3,132135.1,public_record,Academic Medical Center,Midwest,2025-11-01
SEC,SEC,L3,127872.41,public_record,Academic Medical Center,Midwest,2025-11-01
AA,AA,L3,120500.0,public_record,Academic Medical Center,Midwest,2025-11-01
AA,AA,L4,158502.16,public_record,Academic Medical Center,Midwest,2025-11-01
AA,AA,L3,119638.37,public_record,Academic Medical Center,Midwest,2025-11-01
AA,AA,L3,97018.69,public_record,Academic Medical Center,Midwest,2025-11-01
AA,AA,L3,109142.79,public_record,Academic Medical Center,Midwest,2025-11-01
CI,CI,L2,67275.0,public_record,Academic Medical Center,Midwest,2025-11-01
PT,PT,L3,84659.82,public_record,Academic Medical Center,Midwest,2025-11-01
CI,CI,L4,126690.0,public_record,Academic Medical Center,Midwest,2025-11-01
MGR.sr_manager,MGR,sr_manager,149738.04,public_record,Academic Medical Center,Midwest,2025-11-01
AA,AA,L2,86520.0,public_record,Academic Medical Center,Midwest,2025-11-01
MGR.manager,MGR,manager,120404.18,public_record,Academic Medical Center,Midwest,2025-11-01
CI,CI,L4,163113.52,public_record,Academic Medical Center,Midwest,2025-11-01
AA,AA,L2,70040.0,public_record,Academic Medical Center,Midwest,2025-11-01
TECH,TECH,L3,134706.25,public_record,Academic Medical Center,Midwest,2025-11-01
TECH,TECH,L4,155298.36,public_record,Academic Medical Center,Midwest,2025-11-01
INT,INT,L3,66229.0,public_record,Academic Medical Center,Midwest,2025-11-01
AA,AA,L3,112781.68,public_record,Academic Medical Center,Midwest,2025-11-01
AA,AA,L2,101151.72,public_record,Academic Medical Center,Midwest,2025-11-01
AA,AA,L3,119891.44,public_record,Academic Medical Center,Midwest,2025-11-01
AA,AA,L4,140881.29,public_record,Academic Medical Center,Midwest,2025-11-01
PM,PM,L3,133729.48,public_record,Academic Medical Center,Midwest,2025-11-01
AA,AA,L2,85465.8,public_record,Academic Medical Center,Midwest,2025-11-01
EXEC.exec_director,EXEC,exec_director,170194.88,public_record,Academic Medical Center,Midwest,2025-11-01
PT,PT,L3,99511.57,public_record,Academic Medical Center,Midwest,2025-11-01
CI,CI,L1,58000.02,public_record,Academic Medical Center,Midwest,2025-11-01
TECH,TECH,L3,127473.83,public_record,Academic Medical Center,Midwest,2025-11-01
SEC,SEC,L4,137285.61,public_record,Academic Medical Center,Midwest,2025-11-01
AA,AA,L3,124935.16,public_record,Academic Medical Center,Midwest,2025-11-01
AA,AA,L3,119351.24,public_record,Academic Medical Center,Midwest,2025-11-01
AA,AA,L3,100000.0,public_record,Academic Medical Center,Midwest,2025-11-01
TECH,TECH,L3,117420.0,public_record,Academic Medical Center,Midwest,2025-11-01
CI,CI,L2,78399.06,public_record,Academic Medical Center,Midwest,2025-11-01
CI,CI,L3,105611.52,public_record,Academic Medical Center,Midwest,2025-11-01
AA,AA,L2,99528.21,public_record,Academic Medical Center,Midwest,2025-11-01
BI,BI,L3,129857.58,public_record,Academic Medical Center,Midwest,2025-11-01
TECH,TECH,L3,132592.36,public_record,Academic Medical Center,Midwest,2025-11-01
CI,CI,L3,92500.0,public_record,Academic Medical Center,Midwest,2025-11-01
CI,CI,L4,111394.5,public_record,Academic Medical Center,Midwest,2025-11-01
TECH,TECH,L3,158760.0,public_record,Academic Medical Center,Midwest,2025-11-01
AA,AA,L3,128952.18,public_record,Academic Medical Center,Midwest,2025-11-01
CI,CI,L1,68227.34,public_record,Academic Medical Center,Midwest,2025-11-01
AA,AA,L3,114189.97,public_record,Academic Medical Center,Midwest,2025-11-01
CI,CI,L2,66950.0,public_record,Academic Medical Center,Midwest,2025-11-01
EXEC.exec_director,EXEC,exec_director,161460.0,public_record,Academic Medical Center,Midwest,2025-11-01
AA,AA,L3,109921.72,public_record,Academic Medical Center,Midwest,2025-11-01
CI,CI,L3,102770.98,public_record,Academic Medical Center,Midwest,2025-11-01
TECH,TECH,L3,125957.22,public_record,Academic Medical Center,Midwest,2025-11-01
AA,AA,L3,114394.74,public_record,Academic Medical Center,Midwest,2025-11-01
DIR.director,DIR,director,183750.0,public_record,Academic Medical Center,Midwest,2025-11-01
PT,PT,L3,83632.5,public_record,Academic Medical Center,Midwest,2025-11-01
EXEC.chief,EXEC,chief,280941.74,public_record,Academic Medical Center,Midwest,2025-11-01
CI,CI,L4,112455.4,public_record,Academic Medical Center,Midwest,2025-11-01
MGR.manager,MGR,manager,137031.34,public_record,Academic Medical Center,Midwest,2025-11-01
DIR.director,DIR,director,221639.41,public_record,Academic Medical Center,Midwest,2025-11-01
AA,AA,L3,129429.6,public_record,Academic Medical Center,Midwest,2025-11-01
CI,CI,L1,66364.59,public_record,Academic Medical Center,Midwest,2025-11-01
AA,AA,L3,93712.5,public_record,Academic Medical Center,Midwest,2025-11-01
AA,AA,L3,101979.59,public_record,Academic Medical Center,Midwest,2025-11-01
EXEC.exec_director,EXEC,exec_director,160425.0,public_record,Academic Medical Center,Midwest,2025-11-01
TECH,TECH,L2,103000.0,public_record,Academic Medical Center,Midwest,2025-11-01
PM,PM,L3,137976.35,public_record,Academic Medical Center,Midwest,2025-11-01
AA,AA,L3,87560.88,public_record,Academic Medical Center,Midwest,2025-11-01
AA,AA,L4,122665.49,public_record,Academic Medical Center,Midwest,2025-11-01
MGR.sr_manager,MGR,sr_manager,124600.97,public_record,Academic Medical Center,Midwest,2025-11-01
MGR.manager,MGR,manager,122152.39,public_record,Academic Medical Center,Midwest,2025-11-01
SEC,SEC,L2,85462.28,public_record,Academic Medical Center,Midwest,2025-11-01
AA,AA,L3,97533.47,public_record,Academic Medical Center,Midwest,2025-11-01
AA,AA,L4,171571.03,public_record,Academic Medical Center,Midwest,2025-11-01
AA,AA,L3,110961.9,public_record,Academic Medical Center,Midwest,2025-11-01
AA,AA,L3,108352.76,public_record,Academic Medical Center,Midwest,2025-11-01
AA,AA,L3,93635.78,public_record,Academic Medical Center,Midwest,2025-11-01
PT,PT,L3,86353.02,public_record,Academic Medical Center,Midwest,2025-11-01
CI,CI,L3,92011.86,public_record,Academic Medical Center,Midwest,2025-11-01
AA,AA,L2,93359.2,public_record,Academic Medical Center,Midwest,2025-11-01
CI,CI,L3,102000.0,public_record,Academic Medical Center,Midwest,2025-11-01
CI,CI,L4,133900.0,public_record,Academic Medical Center,Midwest,2025-11-01
AA,AA,L2,80709.47,public_record,Academic Medical Center,Midwest,2025-11-01
AA,AA,L3,105000.0,public_record,Academic Medical Center,Midwest,2025-11-01
AA,AA,L3,109453.18,public_record,Academic Medical Center,Midwest,2025-11-01
DIR.director,DIR,director,206000.0,public_record,Academic Medical Center,Midwest,2025-11-01
CI,CI,L3,93974.52,public_record,Academic Medical Center,Midwest,2025-11-01
EXEC.exec_director,EXEC,exec_director,209564.38,public_record,Academic Medical Center,Midwest,2025-11-01
TECH,TECH,L3,130289.98,public_record,Academic Medical Center,Midwest,2025-11-01
CI,CI,L1,61185.03,public_record,Academic Medical Center,Midwest,2025-11-01
CI,CI,L2,87905.38,public_record,Academic Medical Center,Midwest,2025-11-01
DIR.director,DIR,director,190418.32,public_record,Academic Medical Center,Midwest,2025-11-01
TECH,TECH,L3,127720.0,public_record,Academic Medical Center,Midwest,2025-11-01
MGR.manager,MGR,manager,153304.17,public_record,Academic Medical Center,Midwest,2025-11-01
CI,CI,L4,142638.24,public_record,Academic Medical Center,Midwest,2025-11-01
CI,CI,L4,108000.0,public_record,Academic Medical Center,Midwest,2025-11-01
AA,AA,L2,100324.34,public_record,Academic Medical Center,Midwest,2025-11-01
MGR.manager,MGR,manager,155167.23,public_record,Academic Medical Center,Midwest,2025-11-01
TECH,TECH,L3,118450.0,public_record,Academic Medical Center,Midwest,2025-11-01
AA,AA,L3,108684.96,public_record,Academic Medical Center,Midwest,2025-11-01
TECH,TECH,L2,122856.08,public_record,Academic Medical Center,Midwest,2025-11-01
SEC,SEC,L2,80842.7,public_record,Academic Medical Center,Midwest,2025-11-01
CI,CI,L4,116340.73,public_record,Academic Medical Center,Midwest,2025-11-01
SEC,SEC,L3,122685.09,public_record,Academic Medical Center,Midwest,2025-11-01
AA,AA,L3,106437.3,public_record,Academic Medical Center,Midwest,2025-11-01
AA,AA,L2,75705.0,public_record,Academic Medical Center,Midwest,2025-11-01
CI,CI,L2,71200.0,public_record,Academic Medical Center,Midwest,2025-11-01
AA,AA,L3,104826.4,public_record,Academic Medical Center,Midwest,2025-11-01
PT,PT,L3,86353.2,public_record,Academic Medical Center,Midwest,2025-11-01
AA,AA,L4,150751.61,public_record,Academic Medical Center,Midwest,2025-11-01
MGR.manager,MGR,manager,158350.32,public_record,Academic Medical Center,Midwest,2025-11-01
EXEC.exec_director,EXEC,exec_director,197590.04,public_record,Academic Medical Center,Midwest,2025-11-01
CI,CI,L3,97385.77,public_record,Academic Medical Center,Midwest,2025-11-01
AA,AA,L3,120431.63,public_record,Academic Medical Center,Midwest,2025-11-01
AA,AA,L2,98934.19,public_record,Academic Medical Center,Midwest,2025-11-01
CI,CI,L1,62736.0,public_record,Academic Medical Center,Midwest,2025-11-01
CI,CI,L1,56649.88,public_record,Academic Medical Center,Midwest,2025-11-01
CI,CI,L3,104955.04,public_record,Academic Medical Center,Midwest,2025-11-01
AA,AA,L4,141209.12,public_record,Academic Medical Center,Midwest,2025-11-01
CI,CI,L4,124099.95,public_record,Academic Medical Center,Midwest,2025-11-01
EXEC.exec_director,EXEC,exec_director,246082.5,public_record,Academic Medical Center,Midwest,2025-11-01
PT,PT,L3,85546.15,public_record,Academic Medical Center,Midwest,2025-11-01
CI,CI,L2,91067.89,public_record,Academic Medical Center,Midwest,2025-11-01
MGR.sr_manager,MGR,sr_manager,155301.38,public_record,Academic Medical Center,Midwest,2025-11-01
CI,CI,L2,79932.99,public_record,Academic Medical Center,Midwest,2025-11-01
AA,AA,L2,92783.62,public_record,Academic Medical Center,Midwest,2025-11-01
CI,CI,L2,75049.34,public_record,Academic Medical Center,Midwest,2025-11-01
TECH,TECH,L4,165977.81,public_record,Academic Medical Center,Midwest,2025-11-01
AA,AA,L3,114290.76,public_record,Academic Medical Center,Midwest,2025-11-01
DIR.director,DIR,director,178447.5,public_record,Academic Medical Center,Midwest,2025-11-01
EXEC.chief,EXEC,chief,302895.19,public_record,Academic Medical Center,Midwest,2025-11-01
CI,CI,L3,74263.0,public_record,Academic Medical Center,Midwest,2025-11-01
CI,CI,L4,129484.97,public_record,Academic Medical Center,Midwest,2025-11-01
TECH,TECH,L3,148526.0,public_record,Academic Medical Center,Midwest,2025-11-01
CI,CI,L3,102945.96,public_record,Academic Medical Center,Midwest,2025-11-01
PM,PM,L3,152981.78,public_record,Academic Medical Center,Midwest,2025-11-01
MGR.manager,MGR,manager,166244.38,public_record,Academic Medical Center,Midwest,2025-11-01
SEC,SEC,L2,92189.56,public_record,Academic Medical Center,Midwest,2025-11-01
AA,AA,L3,99429.59,public_record,Academic Medical Center,Midwest,2025-11-01
AA,AA,L2,89786.2,public_record,Academic Medical Center,Midwest,2025-11-01
AA,AA,L3,97390.62,public_record,Academic Medical Center,Midwest,2025-11-01
CI,CI,L4,109491.1,public_record,Academic Medical Center,Midwest,2025-11-01
TECH,TECH,L2,88200.0,public_record,Academic Medical Center,Midwest,2025-11-01
EXEC.exec_director,EXEC,exec_director,250056.45,public_record,Academic Medical Center,Midwest,2025-11-01
AA,AA,L2,84659.82,public_record,Academic Medical Center,Midwest,2025-11-01
CI,CI,L3,115697.06,public_record,Academic Medical Center,Midwest,2025-11-01
EXEC.exec_director,EXEC,exec_director,170730.77,public_record,Academic Medical Center,Midwest,2025-11-01
EXEC.exec_director,EXEC,exec_director,223319.8,public_record,Academic Medical Center,Midwest,2025-11-01
MGR.sr_manager,MGR,sr_manager,124334.63,public_record,Academic Medical Center,Midwest,2025-11-01
AA,AA,L3,108261.81,public_record,Academic Medical Center,Midwest,2025-11-01
AA,AA,L3,107269.03,public_record,Academic Medical Center,Midwest,2025-11-01
AA,AA,L3,110777.99,public_record,Academic Medical Center,Midwest,2025-11-01
AA,AA,L3,100322.0,public_record,Academic Medical Center,Midwest,2025-11-01
TECH,TECH,L3,131250.0,public_record,Academic Medical Center,Midwest,2025-11-01
AA,AA,L3,123380.48,public_record,Academic Medical Center,Midwest,2025-11-01
CI,CI,L4,114337.59,public_record,Academic Medical Center,Midwest,2025-11-01
MGR.sr_manager,MGR,sr_manager,110445.41,public_record,Academic Medical Center,Midwest,2025-11-01
AA,AA,L3,107078.02,public_record,Academic Medical Center,Midwest,2025-11-01
AA,AA,L2,71793.9,public_record,Academic Medical Center,Midwest,2025-11-01
AA,AA,L3,102987.94,public_record,Academic Medical Center,Midwest,2025-11-01
BI,BI,L3,107094.67,public_record,Academic Medical Center,Midwest,2025-11-01
BI,BI,L2,92278.61,public_record,Academic Medical Center,Midwest,2025-11-01
AA,AA,L4,152974.98,public_record,Academic Medical Center,Midwest,2025-11-01
AA,AA,L3,100000.0,public_record,Academic Medical Center,Midwest,2025-11-01
AA,AA,L2,73500.0,public_record,Academic Medical Center,Midwest,2025-11-01
MGR.sr_manager,MGR,sr_manager,136196.49,public_record,Academic Medical Center,Midwest,2025-11-01
EXEC.exec_director,EXEC,exec_director,200000.0,public_record,Academic Medical Center,Midwest,2025-11-01
TECH,TECH,L4,154515.04,public_record,Academic Medical Center,Midwest,2025-11-01
CI,CI,L2,84870.0,public_record,Academic Medical Center,Midwest,2025-11-01
TECH,TECH,L3,131369.01,public_record,Academic Medical Center,Midwest,2025-11-01
PT,PT,L3,90314.22,public_record,Academic Medical Center,Midwest,2025-11-01
CI,CI,L2,70226.84,public_record,Academic Medical Center,Midwest,2025-11-01
CI,CI,L2,73808.4,public_record,Academic Medical Center,Midwest,2025-11-01
AA,AA,L3,122876.2,public_record,Academic Medical Center,Midwest,2025-11-01
CI,CI,L3,96032.86,public_record,Academic Medical Center,Midwest,2025-11-01
AA,AA,L2,79310.0,public_record,Academic Medical Center,Midwest,2025-11-01
SEC,SEC,L3,117352.14,public_record,Academic Medical Center,Midwest,2025-11-01
SEC,SEC,L2,99445.77,public_record,Academic Medical Center,Midwest,2025-11-01
AA,AA,L1,71028.59,public_record,Academic Medical Center,Midwest,2025-11-01
AA,AA,L3,120701.89,public_record,Academic Medical Center,Midwest,2025-11-01
BI,BI,L2,87228.1,public_record,Academic Medical Center,Midwest,2025-11-01
DIR.director,DIR,director,174590.88,public_record,Academic Medical Center,Midwest,2025-11-01
AA,AA,L1,55381.84,public_record,Academic Medical Center,Midwest,2025-11-01
CI,CI,L3,122175.18,public_record,Academic Medical Center,Midwest,2025-11-01
INT,INT,L3,64330.0,public_record,Academic Medical Center,Midwest,2025-11-01
AA,AA,L3,96880.11,public_record,Academic Medical Center,Midwest,2025-11-01
CI,CI,L4,127070.61,public_record,Academic Medical Center,Midwest,2025-11-01
CI,CI,L2,77054.1,public_record,Academic Medical Center,Midwest,2025-11-01
TECH,TECH,L4,156101.75,public_record,Academic Medical Center,Midwest,2025-11-01
DIR.director,DIR,director,204043.0,public_record,Academic Medical Center,Midwest,2025-11-01
AA,AA,L2,92000.0,public_record,Academic Medical Center,Midwest,2025-11-01
AA,AA,L3,110511.68,public_record,Academic Medical Center,Midwest,2025-11-01
CI,CI,L4,115360.0,public_record,Academic Medical Center,Midwest,2025-11-01
DIR.director,DIR,director,195884.62,public_record,Academic Medical Center,Midwest,2025-11-01
DIR.director,DIR,director,194250.0,public_record,Academic Medical Center,Midwest,2025-11-01
AA,AA,L4,119599.2,public_record,Academic Medical Center,Midwest,2025-11-01
CI,CI,L3,97000.0,public_record,Academic Medical Center,Midwest,2025-11-01
SEC,SEC,L2,119592.18,public_record,Academic Medical Center,Midwest,2025-11-01
CI,CI,L4,120754.63,public_record,Academic Medical Center,Midwest,2025-11-01
AA,AA,L2,88683.0,public_record,Academic Medical Center,Midwest,2025-11-01
TECH,TECH,L3,145921.39,public_record,Academic Medical Center,Midwest,2025-11-01
DIR.director,DIR,director,123785.63,public_record,Academic Medical Center,Midwest,2025-11-01
SEC,SEC,L2,88000.0,public_record,Academic Medical Center,Midwest,2025-11-01
AA,AA,L4,121025.0,public_record,Academic Medical Center,Midwest,2025-11-01
CI,CI,L1,65917.63,public_record,Academic Medical Center,Midwest,2025-11-01
CI,CI,L3,98000.0,public_record,Academic Medical Center,Midwest,2025-11-01
CI,CI,L4,124352.89,public_record,Academic Medical Center,Midwest,2025-11-01
SEC,SEC,L2,119748.74,public_record,Academic Medical Center,Midwest,2025-11-01
DIR.director,DIR,director,176489.3,public_record,Academic Medical Center,Midwest,2025-11-01
CI,CI,L3,104229.9,public_record,Academic Medical Center,Midwest,2025-11-01
AA,AA,L3,115311.16,public_record,Academic Medical Center,Midwest,2025-11-01
AA,AA,L3,109335.78,public_record,Academic Medical Center,Midwest,2025-11-01
AA,AA,L3,104736.02,public_record,Academic Medical Center,Midwest,2025-11-01
DIR.director,DIR,director,157149.79,public_record,Academic Medical Center,Midwest,2025-11-01
BI,BI,L3,117971.07,public_record,Academic Medical Center,Midwest,2025-11-01
CI,CI,L4,130810.0,public_record,Academic Medical Center,Midwest,2025-11-01
EXEC.exec_director,EXEC,exec_director,244962.05,public_record,Academic Medical Center,Midwest,2025-11-01
PT,PT,L2,82435.71,public_record,Academic Medical Center,Midwest,2025-11-01
PM,PM,L2,114189.97,public_record,Academic Medical Center,Midwest,2025-11-01
PT,PT,L2,69000.0,public_record,Academic Medical Center,Midwest,2025-11-01
CI,CI,L4,98325.0,public_record,Academic Medical Center,Midwest,2025-11-01
CI,CI,L4,130474.6,public_record,Academic Medical Center,Midwest,2025-11-01
CI,CI,L1,73180.37,public_record,Academic Medical Center,Midwest,2025-11-01
AA,AA,L3,131973.81,public_record,Academic Medical Center,Midwest,2025-11-01
CI,CI,L4,144352.67,public_record,Academic Medical Center,Midwest,2025-11-01
AA,AA,L3,104030.0,public_record,Academic Medical Center,Midwest,2025-11-01
SEC,SEC,L3,135804.41,public_record,Academic Medical Center,Midwest,2025-11-01
AA,AA,L2,77250.0,public_record,Academic Medical Center,Midwest,2025-11-01
EXEC.exec_director,EXEC,exec_director,206003.3,public_record,Academic Medical Center,Midwest,2025-11-01
CI,CI,L3,92000.0,public_record,Academic Medical Center,Midwest,2025-11-01
CI,CI,L3,86392.73,public_record,Academic Medical Center,Midwest,2025-11-01
AA,AA,L3,117863.53,public_record,Academic Medical Center,Midwest,2025-11-01
AA,AA,L3,132254.9,public_record,Academic Medical Center,Midwest,2025-11-01
AA,AA,L3,100487.17,public_record,Academic Medical Center,Midwest,2025-11-01
CI,CI,L1,50922.97,public_record,Academic Medical Center,Midwest,2025-11-01
DIR.director,DIR,director,186553.92,public_record,Academic Medical Center,Midwest,2025-11-01
AA,AA,L3,107364.96,public_record,Academic Medical Center,Midwest,2025-11-01
CI,CI,L4,129093.32,public_record,Academic Medical Center,Midwest,2025-11-01
TECH,TECH,L3,123900.0,public_record,Academic Medical Center,Midwest,2025-11-01
CI,CI,L3,98345.43,public_record,Academic Medical Center,Midwest,2025-11-01
AA,AA,L3,105000.0,public_record,Academic Medical Center,Midwest,2025-11-01
AA,AA,L3,114531.88,public_record,Academic Medical Center,Midwest,2025-11-01
TECH,TECH,L3,140265.63,public_record,Academic Medical Center,Midwest,2025-11-01
SEC,SEC,L3,140051.58,public_record,Academic Medical Center,Midwest,2025-11-01
AA,AA,L4,120349.3,public_record,Academic Medical Center,Midwest,2025-11-01
AA,AA,L3,115626.91,public_record,Academic Medical Center,Midwest,2025-11-01
AA,AA,L3,112260.45,public_record,Academic Medical Center,Midwest,2025-11-01
AA,AA,L3,111815.04,public_record,Academic Medical Center,Midwest,2025-11-01
CI,CI,L3,84500.81,public_record,Academic Medical Center,Midwest,2025-11-01
PM,PM,L3,136916.33,public_record,Academic Medical Center,Midwest,2025-11-01
CI,CI,L3,100000.0,public_record,Academic Medical Center,Midwest,2025-11-01
MGR.manager,MGR,manager,160281.35,public_record,Academic Medical Center,Midwest,2025-11-01
TECH,TECH,L3,124893.81,public_record,Academic Medical Center,Midwest,2025-11-01
DIR.director,DIR,director,156560.0,public_record,Academic Medical Center,Midwest,2025-11-01
AA,AA,L2,82750.2,public_record,Academic Medical Center,Midwest,2025-11-01
CI,CI,L2,69514.99,public_record,Academic Medical Center,Midwest,2025-11-01
CI,CI,L4,119881.7,public_record,Academic Medical Center,Midwest,2025-11-01
AA,AA,L3,103633.44,public_record,Academic Medical Center,Midwest,2025-11-01
CI,CI,L2,87926.28,public_record,Academic Medical Center,Midwest,2025-11-01
MGR.manager,MGR,manager,164187.03,public_record,Academic Medical Center,Midwest,2025-11-01
MGR.manager,MGR,manager,157872.01,public_record,Academic Medical Center,Midwest,2025-11-01
AA,AA,L3,107655.23,public_record,Academic Medical Center,Midwest,2025-11-01
CI,CI,L2,72000.0,public_record,Academic Medical Center,Midwest,2025-11-01
PM,PM,L3,127308.0,public_record,Academic Medical Center,Midwest,2025-11-01
AA,AA,L3,107098.03,public_record,Academic Medical Center,Midwest,2025-11-01
MGR.manager,MGR,manager,130000.0,public_record,Academic Medical Center,Midwest,2025-11-01
MGR.sr_manager,MGR,sr_manager,140386.01,public_record,Academic Medical Center,Midwest,2025-11-01
PT,PT,L3,91235.34,public_record,Academic Medical Center,Midwest,2025-11-01
CI,CI,L3,113048.07,public_record,Academic Medical Center,Midwest,2025-11-01
AA,AA,L2,94935.78,public_record,Academic Medical Center,Midwest,2025-11-01
TECH,TECH,L3,146388.1,public_record,Academic Medical Center,Midwest,2025-11-01
BI,BI,L3,131543.26,public_record,Academic Medical Center,Midwest,2025-11-01
TECH,TECH,L4,141531.16,public_record,Academic Medical Center,Midwest,2025-11-01
PM,PM,L2,97252.7,public_record,Academic Medical Center,Midwest,2025-11-01
AA,AA,L3,119749.22,public_record,Academic Medical Center,Midwest,2025-11-01
CI,CI,L2,103063.67,public_record,Academic Medical Center,Midwest,2025-11-01
CI,CI,L3,92366.42,public_record,Academic Medical Center,Midwest,2025-11-01
CI,CI,L4,119949.07,public_record,Academic Medical Center,Midwest,2025-11-01
PT,PT,L3,80971.07,public_record,Academic Medical Center,Midwest,2025-11-01
TECH,TECH,L3,120812.69,public_record,Academic Medical Center,Midwest,2025-11-01
AA,AA,L4,139050.0,public_record,Academic Medical Center,Midwest,2025-11-01
AA,AA,L3,105884.4,public_record,Academic Medical Center,Midwest,2025-11-01
TECH,TECH,L4,157582.16,public_record,Academic Medical Center,Midwest,2025-11-01
AA,AA,L3,109376.26,public_record,Academic Medical Center,Midwest,2025-11-01
MGR.manager,MGR,manager,147817.05,public_record,Academic Medical Center,Midwest,2025-11-01
AA,AA,L3,103000.0,public_record,Academic Medical Center,Midwest,2025-11-01
PM,PM,L3,146673.14,public_record,Academic Medical Center,Midwest,2025-11-01
CI,CI,L3,91080.0,public_record,Academic Medical Center,Midwest,2025-11-01
AA,AA,L4,121246.35,public_record,Academic Medical Center,Midwest,2025-11-01
AA,AA,L3,114971.59,public_record,Academic Medical Center,Midwest,2025-11-01
BI,BI,L2,98027.16,public_record,Academic Medical Center,Midwest,2025-11-01
BI,BI,L2,95527.41,public_record,Academic Medical Center,Midwest,2025-11-01
AA,AA,L3,127200.98,public_record,Academic Medical Center,Midwest,2025-11-01
PM,PM,L3,121275.0,public_record,Academic Medical Center,Midwest,2025-11-01
TECH,TECH,L3,119314.9,public_record,Academic Medical Center,Midwest,2025-11-01
AA,AA,L3,108902.2,public_record,Academic Medical Center,Midwest,2025-11-01
CI,CI,L4,139050.0,public_record,Academic Medical Center,Midwest,2025-11-01
AA,AA,L3,119822.99,public_record,Academic Medical Center,Midwest,2025-11-01
PM,PM,L3,143729.81,public_record,Academic Medical Center,Midwest,2025-11-01
AA,AA,L3,112350.0,public_record,Academic Medical Center,Midwest,2025-11-01
CI,CI,L1,52411.9,public_record,Academic Medical Center,Midwest,2025-11-01
AA,AA,L2,98985.52,public_record,Academic Medical Center,Midwest,2025-11-01
AA,AA,L3,118031.33,public_record,Academic Medical Center,Midwest,2025-11-01
SEC,SEC,L2,107983.79,public_record,Academic Medical Center,Midwest,2025-11-01
AA,AA,L3,111867.85,public_record,Academic Medical Center,Midwest,2025-11-01
AA,AA,L3,99429.59,public_record,Academic Medical Center,Midwest,2025-11-01
TECH,TECH,L2,113516.3,public_record,Academic Medical Center,Midwest,2025-11-01
CI,CI,L3,115304.07,public_record,Academic Medical Center,Midwest,2025-11-01
AA,AA,L3,118450.0,public_record,Academic Medical Center,Midwest,2025-11-01
AA,AA,L2,78201.94,public_record,Academic Medical Center,Midwest,2025-11-01
PT,PT,L3,91445.62,public_record,Academic Medical Center,Midwest,2025-11-01
AA,AA,L3,88198.9,public_record,Academic Medical Center,Midwest,2025-11-01
AA,AA,L3,104442.84,public_record,Academic Medical Center,Midwest,2025-11-01
CI,CI,L2,82482.4,public_record,Academic Medical Center,Midwest,2025-11-01
AA,AA,L2,73130.0,public_record,Academic Medical Center,Midwest,2025-11-01
MGR.manager,MGR,manager,145420.45,public_record,Academic Medical Center,Midwest,2025-11-01
AA,AA,L3,123232.52,public_record,Academic Medical Center,Midwest,2025-11-01
AA,AA,L2,96218.25,public_record,Academic Medical Center,Midwest,2025-11-01
CI,CI,L2,73081.58,public_record,Academic Medical Center,Midwest,2025-11-01
CI,CI,L3,92700.0,public_record,Academic Medical Center,Midwest,2025-11-01
CI,CI,L4,141983.82,public_record,Academic Medical Center,Midwest,2025-11-01
TECH,TECH,L3,156196.88,public_record,Academic Medical Center,Midwest,2025-11-01
CI,CI,L3,105255.73,public_record,Academic Medical Center,Midwest,2025-11-01
BI,BI,L4,121088.94,public_record,Academic Medical Center,Midwest,2025-11-01
AA,AA,L3,105487.23,public_record,Academic Medical Center,Midwest,2025-11-01
CI,CI,L3,95481.0,public_record,Academic Medical Center,Midwest,2025-11-01
PM,PM,L3,135795.2,public_record,Academic Medical Center,Midwest,2025-11-01
MGR.sr_manager,MGR,sr_manager,139657.49,public_record,Academic Medical Center,Midwest,2025-11-01
AA,AA,L3,107037.51,public_record,Academic Medical Center,Midwest,2025-11-01
TECH,TECH,L4,147000.0,public_record,Academic Medical Center,Midwest,2025-11-01
AA,AA,L4,129780.0,public_record,Academic Medical Center,Midwest,2025-11-01
CI,CI,L3,109100.38,public_record,Academic Medical Center,Midwest,2025-11-01
CI,CI,L4,121730.4,public_record,Academic Medical Center,Midwest,2025-11-01
PT,PT,L3,81146.44,public_record,Academic Medical Center,Midwest,2025-11-01
TECH,TECH,L2,91351.98,public_record,Academic Medical Center,Midwest,2025-11-01
AA,AA,L3,110591.4,public_record,Academic Medical Center,Midwest,2025-11-01
CI,CI,L2,82500.89,public_record,Academic Medical Center,Midwest,2025-11-01
SEC,SEC,L3,147383.48,public_record,Academic Medical Center,Midwest,2025-11-01
TECH,TECH,L3,133249.67,public_record,Academic Medical Center,Midwest,2025-11-01
AA,AA,L3,121617.49,public_record,Academic Medical Center,Midwest,2025-11-01
CI,CI,L3,102683.79,public_record,Academic Medical Center,Midwest,2025-11-01
AA,AA,L3,116463.19,public_record,Academic Medical Center,Midwest,2025-11-01
TECH,TECH,L3,125561.7,public_record,Academic Medical Center,Midwest,2025-11-01
TECH,TECH,L3,154426.26,public_record,Academic Medical Center,Midwest,2025-11-01
CI,CI,L1,53606.6,public_record,Academic Medical Center,Midwest,2025-11-01
CI,CI,L3,79966.89,public_record,Academic Medical Center,Midwest,2025-11-01
AA,AA,L2,97552.89,public_record,Academic Medical Center,Midwest,2025-11-01
DIR.director,DIR,director,164783.48,public_record,Academic Medical Center,Midwest,2025-11-01
CI,CI,L2,66950.0,public_record,Academic Medical Center,Midwest,2025-11-01
TECH,TECH,L3,156358.22,public_record,Academic Medical Center,Midwest,2025-11-01
AA,AA,L3,127473.83,public_record,Academic Medical Center,Midwest,2025-11-01
AA,AA,L3,111940.73,public_record,Academic Medical Center,Midwest,2025-11-01
MGR.sr_manager,MGR,sr_manager,141214.43,public_record,Academic Medical Center,Midwest,2025-11-01
AA,AA,L4,146022.76,public_record,Academic Medical Center,Midwest,2025-11-01
TECH,TECH,L3,137009.79,public_record,Academic Medical Center,Midwest,2025-11-01
